{
  "instance": "dantzig42",
  "optimal": 699,
  "paper_cx2": {
    "best": 699,
    "avg": 802
  },
  "num_runs": 10,
  "combinations": [
    {
      "best": 678.0,
      "worst": 900.0,
      "average": 770.2,
      "std": 66.93549133307383,
      "all_values": [
        730.0,
        706.0,
        856.0,
        742.0,
        900.0,
        678.0,
        710.0,
        788.0,
        784.0,
        808.0
      ],
      "best_tour": [
        32,
        35,
        8,
        7,
        6,
        5,
        41,
        4,
        3,
        2,
        37,
        38,
        39,
        40,
        1,
        0,
        36,
        34,
        33,
        29,
        30,
        9,
        31,
        23,
        10,
        11,
        22,
        21,
        20,
        16,
        15,
        19,
        14,
        13,
        18,
        17,
        12,
        28,
        27,
        26,
        25,
        24
      ],
      "config": {
        "population_size": 150,
        "max_generations": 500,
        "crossover_probability": 0.8,
        "mutation_probability": 0.1,
        "selection_type": "tournament",
        "elitism_count": 2
      },
      "name": "Tournament only"
    },
    {
      "best": 742.0,
      "worst": 948.0,
      "average": 809.2,
      "std": 61.32666630430844,
      "all_values": [
        762.0,
        866.0,
        768.0,
        776.0,
        798.0,
        772.0,
        742.0,
        870.0,
        790.0,
        948.0
      ],
      "best_tour": [
        9,
        31,
        32,
        30,
        29,
        33,
        34,
        36,
        35,
        24,
        25,
        26,
        27,
        12,
        15,
        14,
        13,
        19,
        18,
        17,
        16,
        20,
        21,
        22,
        11,
        28,
        10,
        23,
        4,
        3,
        38,
        37,
        7,
        6,
        5,
        41,
        2,
        1,
        0,
        39,
        40,
        8
      ],
      "config": {
        "population_size": 150,
        "max_generations": 500,
        "crossover_probability": 0.8,
        "mutation_probability": 0.1,
        "selection_type": "tournament",
        "elitism_count": 15
      },
      "name": "Tournament + Elite=15"
    },
    {
      "best": 662.0,
      "worst": 856.0,
      "average": 748.2,
      "std": 53.41497917251303,
      "all_values": [
        730.0,
        698.0,
        856.0,
        720.0,
        768.0,
        662.0,
        704.0,
        786.0,
        770.0,
        788.0
      ],
      "best_tour": [
        32,
        35,
        8,
        7,
        6,
        5,
        41,
        4,
        3,
        2,
        37,
        38,
        39,
        40,
        1,
        0,
        36,
        34,
        33,
        29,
        30,
        9,
        31,
        23,
        10,
        11,
        22,
        21,
        28,
        12,
        15,
        19,
        14,
        13,
        18,
        17,
        16,
        20,
        27,
        26,
        25,
        24
      ],
      "config": {
        "population_size": 150,
        "max_generations": 1000,
        "crossover_probability": 0.8,
        "mutation_probability": 0.1,
        "selection_type": "tournament",
        "elitism_count": 2
      },
      "name": "Tournament + Gen=1000"
    },
    {
      "best": 900.0,
      "worst": 1260.0,
      "average": 1039.8,
      "std": 106.37086067152038,
      "all_values": [
        930.0,
        1046.0,
        1134.0,
        998.0,
        900.0,
        904.0,
        1070.0,
        1086.0,
        1260.0,
        1070.0
      ],
      "best_tour": [
        37,
        7,
        6,
        3,
        4,
        41,
        5,
        23,
        10,
        27,
        22,
        11,
        21,
        16,
        20,
        29,
        40,
        38,
        36,
        35,
        25,
        12,
        15,
        17,
        18,
        13,
        14,
        19,
        28,
        26,
        9,
        30,
        31,
        32,
        24,
        33,
        34,
        8,
        2,
        0,
        1,
        39
      ],
      "config": {
        "population_size": 300,
        "max_generations": 500,
        "crossover_probability": 0.8,
        "mutation_probability": 0.1,
        "selection_type": "tournament",
        "elitism_count": 2
      },
      "name": "Tournament + Pop=300"
    },
    {
      "best": 720.0,
      "worst": 1026.0,
      "average": 856.8,
      "std": 87.4308869908112,
      "all_values": [
        720.0,
        804.0,
        878.0,
        944.0,
        1026.0,
        860.0,
        794.0,
        916.0,
        754.0,
        872.0
      ],
      "best_tour": [
        32,
        31,
        30,
        29,
        33,
        34,
        8,
        7,
        6,
        41,
        5,
        4,
        2,
        9,
        10,
        12,
        15,
        14,
        13,
        19,
        18,
        17,
        16,
        20,
        22,
        21,
        11,
        28,
        27,
        26,
        25,
        24,
        23,
        3,
        1,
        0,
        39,
        40,
        38,
        37,
        36,
        35
      ],
      "config": {
        "population_size": 150,
        "max_generations": 500,
        "crossover_probability": 0.8,
        "mutation_probability": 0.15,
        "selection_type": "tournament",
        "elitism_count": 2
      },
      "name": "Tournament + Pm=0.15"
    },
    {
      "best": 658.0,
      "worst": 818.0,
      "average": 750.0,
      "std": 60.524375254933446,
      "all_values": [
        802.0,
        810.0,
        788.0,
        764.0,
        658.0,
        818.0,
        794.0,
        658.0,
        726.0,
        682.0
      ],
      "best_tour": [
        40,
        39,
        38,
        37,
        34,
        33,
        29,
        21,
        20,
        12,
        15,
        19,
        13,
        14,
        18,
        17,
        16,
        22,
        11,
        28,
        27,
        10,
        32,
        31,
        23,
        30,
        9,
        26,
        25,
        24,
        35,
        36,
        8,
        7,
        6,
        5,
        41,
        4,
        3,
        2,
        1,
        0
      ],
      "config": {
        "population_size": 500,
        "max_generations": 2000,
        "crossover_probability": 0.7,
        "mutation_probability": 0.3,
        "selection_type": "tournament",
        "elitism_count": 15
      },
      "name": "All best params"
    },
    {
      "best": 724.0,
      "worst": 932.0,
      "average": 808.6,
      "std": 79.53892129014575,
      "all_values": [
        932.0,
        902.0,
        728.0,
        758.0,
        738.0,
        904.0,
        780.0,
        874.0,
        746.0,
        724.0
      ],
      "best_tour": [
        9,
        30,
        29,
        33,
        34,
        36,
        2,
        3,
        4,
        41,
        5,
        6,
        7,
        8,
        35,
        32,
        31,
        23,
        24,
        37,
        38,
        39,
        40,
        1,
        0,
        25,
        26,
        27,
        21,
        28,
        11,
        12,
        15,
        13,
        14,
        19,
        18,
        17,
        16,
        20,
        22,
        10
      ],
      "config": {
        "population_size": 150,
        "max_generations": 1000,
        "crossover_probability": 0.8,
        "mutation_probability": 0.1,
        "selection_type": "tournament",
        "elitism_count": 10
      },
      "name": "Tournament + Elite=10 + Gen=1000"
    },
    {
      "best": 684.0,
      "worst": 854.0,
      "average": 783.6,
      "std": 47.48726144978251,