{
  "instance": "dantzig42",
  "optimal": 699,
  "paper_cx2": {
    "best": 699,
    "avg": 802
  },
  "num_runs": 30,
  "validated_configs": [
    {
      "best": 648.0,
      "worst": 832.0,
      "average": 733.7333333333333,
      "std": 54.76917218857906,
      "median": 736.0,
      "q1": 676.0,
      "q3": 782.0,
      "all_values": [
        802.0,
        810.0,
        788.0,
        764.0,
        658.0,
        818.0,
        794.0,
        658.0,
        726.0,
        682.0,
        720.0,
        802.0,
        674.0,
        740.0,
        718.0,
        740.0,
        740.0,
        788.0,
        710.0,
        730.0,
        758.0,
        762.0,
        656.0,
        672.0,
        648.0,
        668.0,
        662.0,
        732.0,
        760.0,
        832.0
      ],
      "best_tour": [
        0,
        1,
        2,
        3,
        4,
        41,
        5,
        6,
        7,
        8,
        9,
        30,
        31,
        23,
        32,
        35,
        24,
        25,
        26,
        27,
        21,
        22,
        20,
        16,
        17,
        18,
        19,
        14,
        13,
        15,
        12,
        11,
        28,
        10,
        29,
        33,
        34,
        36,
        37,
        38,
        39,
        40
      ],
      "config": {
        "population_size": 500,
        "max_generations": 2000,
        "crossover_probability": 0.7,
        "mutation_probability": 0.3,
        "selection_type": "tournament",
        "elitism_count": 15
      },
      "num_runs": 30,
      "name": "All best params"
    },
    {
      "best": 652.0,
      "worst": 966.0,
      "average": 777.8,
      "std": 83.78440586807707,
      "median": 769.0,
      "q1": 714.0,
      "q3": 834.0,
      "all_values": [
        730.0,
        698.0,
        856.0,
        720.0,
        768.0,
        662.0,
        704.0,
        786.0,
        770.0,
        788.0,
        846.0,
        816.0,
        966.0,
        782.0,
        940.0,
        766.0,
        686.0,
        782.0,
        900.0,
        698.0,
        684.0,
        712.0,
        744.0,
        652.0,
        870.0,
        788.0,
        840.0,
        720.0,
        720.0,
        940.0
      ],
      "best_tour": [
        13,
        14,
        19,
        12,
        20,
        27,
        10,
        26,
        25,
        24,
        32,
        35,
        36,
        8,
        7,
        6,
        5,
        41,
        4,
        3,
        2,
        0,
        1,
        40,
        39,
        38,
        37,
        34,
        33,
        29,
        30,
        9,
        31,
        23,
        21,
        11,
        28,
        22,
        16,
        15,
        17,
        18
      ],
      "config": {
        "population_size": 150,
        "max_generations": 1000,
        "crossover_probability": 0.8,
        "mutation_probability": 0.1,
        "selection_type": "tournament",
        "elitism_count": 2
      },
      "num_runs": 30,
      "name": "Tournament + Gen=1000"
    },
    {
      "best": 666.0,
      "worst": 918.0,
      "average": 777.0,
      "std": 56.39089761063689,
      "median": 774.0,
      "q1": 742.5,
      "q3": 795.0,
      "all_values": [
        870.0,
        748.0,
        774.0,
        742.0,
        774.0,
        776.0,
        738.0,
        744.0,
        832.0,
        698.0,
        790.0,
        828.0,
        686.0,
        752.0,
        780.0,
        896.0,
        792.0,
        666.0,
        800.0,
        728.0,
        784.0,
        780.0,
        796.0,
        724.0,
        768.0,
        918.0,
        740.0,
        858.0,
        762.0,
        766.0
      ],
      "best_tour": [
        37,
        41,
        5,
        6,
        7,
        8,
        36,
        34,
        33,
        29,
        30,
        9,
        31,
        23,
        10,
        28,
        11,
        12,
        13,
        14,
        18,
        17,
        19,
        15,
        16,
        20,
        22,
        21,
        27,
        26,
        25,
        24,
        32,
        35,
        4,
        3,
        2,
        1,
        0,
        40,
        39,
        38
      ],
      "config": {
        "population_size": 250,
        "max_generations": 750,
        "crossover_probability": 0.8,
        "mutation_probability": 0.12,
        "selection_type": "tournament",
        "elitism_count": 10
      },
      "num_runs": 30,
      "name": "Balanced (Pop=250, Gen=750)"
    },
    {
      "best": 668.0,
      "worst": 998.0,
      "average": 809.4666666666667,
      "std": 72.28265505791983,
      "median": 803.0,
      "q1": 766.0,
      "q3": 846.0,
      "all_values": [
        792.0,
        802.0,
        854.0,
        804.0,
        826.0,
        818.0,
        762.0,
        728.0,
        766.0,
        684.0,
        816.0,
        846.0,
        736.0,
        860.0,
        892.0,
        954.0,
        668.0,
        998.0,
        788.0,
        846.0,
        822.0,
        830.0,
        906.0,
        798.0,
        714.0,
        772.0,
        788.0,
        766.0,
        754.0,
        894.0
      ],
      "best_tour": [
        5,
        41,
        4,
        7,
        8,
        9,
        35,
        32,
        10,
        28,
        12,
        15,
        19,
        14,
        13,
        18,
        17,
        16,
        20,
        21,
        11,
        22,
        27,
        26,
        25,
        24,
        23,
        31,
        30,
        29,
        33,
        34,
        36,
        2,
        3,
        0,
        1,
        40,
        39,
        38,
        37,
        6
      ],
      "config": {
        "population_size": 300,
        "max_generations": 500,
        "crossover_probability": 0.8,
        "mutation_probability": 0.1,
        "selection_type": "tournament",
        "elitism_count": 10
      },
      "num_runs": 30,
      "name": "Tournament + Pop=300 + Elite=10"
    },
    {
      "best": 678.0,
      "worst": 974.0,
      "average": 800.7333333333333,
      "std": 86.04879752533185,
      "median": 786.0,
      "q1": 730.0,
      "q3": 847.5,
      "all_values": [
        730.0,
        706.0,
        856.0,
        742.0,
        900.0,
        678.0,
        710.0,
        788.0,
        784.0,
        808.0,
        846.0,
        842.0,
        974.0,
        834.0,
        968.0,
        766.0,
        734.0,
        782.0,
        962.0,
        698.0,
        702.0,
        720.0,
        756.0,
        792.0,
        888.0,
        800.0,
        848.0,
        730.0,
        724.0,
        954.0
      ],
      "best_tour": [
        32,
        35,
        8,
        7,
        6,
        5,
        41,
        4,
        3,
        2,
        37,
        38,
        39,
        40,
        1,
        0,
        36,
        34,
        33,
        29,
        30,
        9,
        31,
        23,
        10,
        11,
        22,
        21,
        20,
        16,
        15,
        19,
        14,
        13,
        18,
        17,
        12,
        28,
        27,
        26,
        25,
        24
      ],
      "config": {
        "population_size": 150,
        "max_generations": 500,
        "crossover_probability": 0.8,
        "mutation_probability": 0.1,
        "selection_type": "tournament",
        "elitism_count": 2
      },
      "num_runs": 30,
      "name": "Tournament only"
    }
  ],
  "best_config": {
    "best": 648.0,
    "worst": 832.0,
    "average": 733.7333333333333,
    "std": 54.76917218857906,
    "median": 736.0,
    "q1": 676.0,
    "q3": 782.0,