{
  "dantzig42": {
    "dimension": 42,
    "optimal": 699,
    "results": {
      "PMX": {
        "best": 748.0,
        "worst": 1122.0,
        "average": 929.2666666666667,
        "std": 78.35727293762987,
        "all_values": [
          916.0,
          960.0,
          866.0,
          858.0,
          930.0,
          1032.0,
          1122.0,
          928.0,
          1006.0,
          748.0,
          946.0,
          924.0,
          1042.0,
          918.0,
          944.0,
          812.0,
          850.0,
          968.0,
          988.0,
          826.0,
          960.0,
          920.0,
          892.0,
          900.0,
          834.0,
          960.0,
          854.0,
          1058.0,
          984.0,
          932.0
        ],
        "best_tour": [
          37,
          38,
          39,
          40,
          1,
          0,
          3,
          2,
          4,
          41,
          5,
          6,
          7,
          8,
          36,
          34,
          30,
          31,
          23,
          33,
          35,
          25,
          27,
          26,
          24,
          32,
          9,
          29,
          10,
          11,
          12,
          14,
          13,
          18,
          17,
          19,
          15,
          16,
          20,
          21,
          28,
          22
        ]
      },
      "OX": {
        "best": 842.0,
        "worst": 1260.0,
        "average": 1051.6,
        "std": 98.74465386372404,
        "all_values": [
          990.0,
          1018.0,
          1088.0,
          1168.0,
          1094.0,
          1188.0,
          1064.0,
          1154.0,
          1054.0,
          1186.0,
          906.0,
          956.0,
          1194.0,
          1112.0,
          998.0,
          986.0,
          1010.0,
          984.0,
          1012.0,
          1026.0,
          1090.0,
          1058.0,
          1010.0,
          1034.0,
          1172.0,
          1088.0,
          940.0,
          1260.0,
          842.0,
          866.0
        ],
        "best_tour": [
          21,
          22,
          27,
          25,
          34,
          39,
          0,
          1,
          2,
          5,
          41,
          4,
          3,
          40,
          38,
          37,
          36,
          35,
          24,
          32,
          31,
          23,
          33,
          6,
          8,
          7,
          30,
          29,
          9,
          26,
          10,
          11,
          12,
          18,
          17,
          19,
          14,
          13,
          15,
          16,
          20,
          28
        ]
      },
      "CX2": {
        "best": 1382.0,
        "worst": 1834.0,
        "average": 1653.5333333333333,
        "std": 112.84878771563693,
        "all_values": [
          1382.0,
          1656.0,
          1706.0,
          1782.0,
          1770.0,
          1702.0,
          1636.0,
          1424.0,
          1656.0,
          1830.0,
          1656.0,
          1674.0,
          1726.0,
          1590.0,
          1778.0,
          1834.0,
          1686.0,
          1676.0,
          1610.0,
          1470.0,
          1616.0,
          1816.0,
          1570.0,
          1652.0,
          1496.0,
          1722.0,
          1580.0,
          1616.0,
          1540.0,
          1754.0
        ],
        "best_tour": [
          17,
          0,
          1,
          34,
          37,
          39,
          3,
          41,
          5,
          4,
          10,
          27,
          26,
          6,
          8,
          7,
          36,
          25,
          9,
          30,
          32,
          31,
          23,
          24,
          22,
          21,
          29,
          33,
          35,
          11,
          12,
          19,
          18,
          15,
          28,
          38,
          40,
          2,
          13,
          14,
          20,
          16
        ]
      }
    }
  },
  "fri26": {
    "dimension": 26,
    "optimal": 937,
    "results": {
      "PMX": {
        "best": 631.0,
        "worst": 822.0,
        "average": 711.3,
        "std": 41.69584311814948,
        "all_values": [
          745.0,
          750.0,
          743.0,
          697.0,
          635.0,
          710.0,
          694.0,
          718.0,
          754.0,
          638.0,
          746.0,
          675.0,
          703.0,
          682.0,
          648.0,
          698.0,
          701.0,
          708.0,
          711.0,
          730.0,
          759.0,
          631.0,
          698.0,
          708.0,
          744.0,
          822.0,
          748.0,
          684.0,
          699.0,
          760.0
        ],
        "best_tour": [
          20,
          7,
          15,
          22,
          23,
          25,
          19,
          17,
          18,
          16,
          21,
          8,
          9,
          10,
          12,
          11,
          13,
          14,
          0,
          1,
          2,
          3,
          4,
          5,
          6,
          24
        ]
      },
      "OX": {
        "best": 674.0,
        "worst": 868.0,
        "average": 765.7,
        "std": 49.17868779596842,
        "all_values": [
          793.0,
          688.0,
          868.0,
          757.0,
          845.0,
          684.0,
          746.0,
          751.0,
          775.0,
          794.0,
          799.0,
          674.0,
          859.0,
          728.0,
          727.0,
          739.0,
          754.0,
          725.0,
          709.0,
          785.0,
          750.0,
          781.0,
          754.0,
          790.0,
          759.0,
          808.0,
          785.0,
          726.0,
          858.0,
          760.0
        ],
        "best_tour": [
          20,
          7,
          6,
          24,
          4,
          5,
          3,
          2,
          13,
          14,
          1,
          0,
          11,
          12,
          10,
          9,
          8,
          21,
          16,
          15,
          25,
          23,
          22,
          19,
          17,
          18
        ]
      },
      "CX2": {
        "best": 873.0,
        "worst": 1129.0,
        "average": 1006.4333333333333,
        "std": 64.5758898936403,
        "all_values": [
          1044.0,
          1001.0,
          1007.0,
          1060.0,
          873.0,
          1012.0,
          949.0,
          1058.0,
          1037.0,
          901.0,
          1020.0,
          966.0,
          953.0,
          1050.0,
          966.0,
          1032.0,
          1098.0,
          947.0,
          915.0,
          992.0,
          1006.0,
          971.0,
          931.0,
          1127.0,
          1129.0,
          1007.0,
          1064.0,
          1045.0,
          932.0,
          1100.0
        ],
        "best_tour": [
          15,
          19,
          23,
          22,
          17,
          18,
          24,
          6,
          4,
          3,
          2,
          0,
          1,
          5,
          11,
          12,
          10,
          9,
          8,
          14,
          13,
          25,
          21,
          7,
          20,
          16
        ]
      }
    }
  }
}