{
  "instance": "ft53",
  "optimal": 6905,
  "selection_type": "tournament",
  "num_runs": 30,
  "paper_results": {
    "PMX": {
      "best": 13445,
      "worst": 16947,
      "average": 14949
    },
    "OX": {
      "best": 13826,
      "worst": 16279,
      "average": 14724
    },
    "CX2": {
      "best": 10987,
      "worst": 13055,
      "average": 12243
    }
  },
  "our_results": {
    "PMX": {
      "best": 9450.0,
      "worst": 12638.0,
      "average": 11025.1,
      "std": 636.327345004126,
      "median": 11073.0,
      "all_values": [
        11297.0,
        11169.0,
        10790.0,
        10648.0,
        11211.0,
        10599.0,
        10316.0,
        10057.0,
        11053.0,
        10917.0,
        9450.0,
        11762.0,
        11441.0,
        11332.0,
        10994.0,
        11740.0,
        10828.0,
        11461.0,
        10547.0,
        9823.0,
        11700.0,
        10345.0,
        11706.0,
        11093.0,
        11523.0,
        11439.0,
        11132.0,
        12638.0,
        10784.0,
        10958.0
      ],
      "best_tour": [
        2,
        17,
        23,
        22,
        11,
        10,
        14,
        34,
        32,
        33,
        31,
        30,
        13,
        12,
        4,
        1,
        3,
        0,
        36,
        16,
        15,
        37,
        40,
        38,
        6,
        5,
        51,
        48,
        49,
        52,
        50,
        29,
        24,
        47,
        42,
        46,
        45,
        44,
        41,
        43,
        35,
        21,
        20,
        39,
        18,
        19,
        28,
        25,
        27,
        26,
        7,
        9,
        8
      ]
    },
    "OX": {
      "best": 8080.0,
      "worst": 9420.0,
      "average": 8798.066666666668,
      "std": 320.93726628250715,
      "median": 8856.5,
      "all_values": [
        8391.0,
        8937.0,
        8699.0,
        8753.0,
        8978.0,
        8908.0,
        8490.0,
        9005.0,
        8803.0,
        9420.0,
        8713.0,
        9082.0,
        9111.0,
        9272.0,
        8583.0,
        8080.0,
        9157.0,
        8862.0,
        9188.0,
        8727.0,
        9022.0,
        8140.0,
        8888.0,
        8648.0,
        8540.0,
        8510.0,
        8851.0,
        9065.0,
        8235.0,
        8884.0
      ],
      "best_tour": [
        6,
        5,
        9,
        8,
        3,
        13,
        12,
        14,
        11,
        10,
        38,
        36,
        35,
        4,
        2,
        0,
        32,
        33,
        31,
        30,
        1,
        41,
        47,
        42,
        46,
        43,
        45,
        44,
        34,
        52,
        51,
        50,
        49,
        48,
        29,
        26,
        25,
        27,
        28,
        20,
        24,
        22,
        19,
        18,
        17,
        16,
        15,
        37,
        39,
        40,
        21,
        23,
        7
      ]
    },
    "CX2": {
      "best": 9573.0,
      "worst": 11850.0,
      "average": 10800.0,
      "std": 637.8565146906735,
      "median": 10840.5,
      "all_values": [
        10705.0,
        9573.0,
        10826.0,
        11850.0,
        10403.0,
        11446.0,
        10432.0,
        11435.0,
        10372.0,
        11356.0,
        10495.0,
        10816.0,
        11813.0,
        9665.0,
        11346.0,
        10855.0,
        11233.0,
        10365.0,
        11279.0,
        9584.0,
        11767.0,
        9968.0,
        10064.0,
        11197.0,
        10486.0,
        10217.0,
        11111.0,
        11196.0,
        10969.0,
        11176.0
      ],
      "best_tour": [
        5,
        9,
        8,
        17,
        41,
        46,
        43,
        42,
        47,
        27,
        29,
        28,
        52,
        51,
        50,
        48,
        49,
        24,
        22,
        21,
        39,
        38,
        4,
        33,
        31,
        30,
        0,
        3,
        13,
        12,
        14,
        16,
        15,
        10,
        11,
        2,
        1,
        36,
        40,
        37,
        35,
        18,
        19,
        23,
        20,
        45,
        44,
        34,
        32,
        25,
        26,
        7,
        6
      ]
    }
  },
  "timestamp": "20260208_105100",
  "execution_time_seconds": 606.6971251964569
}